Handle,Metafield: custom.theme_accent [color],Metafield: custom.theme_accent_dark [color],Metafield: custom.theme_accent_soft [color]
ferment-spice-mix-pack-of-5,#E66800,#B85100,#FFE2C7
kanji-spice-mix-traditional-blend-for-probiotic-drinks-pack-of-5,#8B1F40,#6E1733,#F4D7DD
kimchi-making-paste,#E85C41,#B83D26,#FAD3CB
aam-panna-supplies-value-pack-includes-aam-panna-spice-mix-pack-of-5-ferment-boost-pack-of-5,#DDA738,#B07F1A,#F5E4B8
achaar-making-supplies-6-batch-refill-pack,#E66800,#B85100,#FFE2C7
probiotic-achaar-supplies-everything-except-the-jar,#E66800,#B85100,#FFE2C7
kanji-supplies-mega-pack,#8B1F40,#6E1733,#F4D7DD
kanji-supplies-starter-pack,#8B1F40,#6E1733,#F4D7DD
kanji-supplies-starter-pack-5-kanji-spice-mix-5-ferment-boost-blend,#8B1F40,#6E1733,#F4D7DD
kanji-supplies-value-pack,#8B1F40,#6E1733,#F4D7DD
sea-salt-for-vegetable-fermentation-900-g,#E5E5E0,#BFBFB8,#F5F5F0
acacia-powder,#6BB048,#4E8534,#DEEDD2
gond-katira-tragacanth-gum-200g-natural-body-coolant-supports-digestion-gut-health-rich-in-soluble-fiber-ideal-for-summer-drinks-desserts,#6BB048,#4E8534,#DEEDD2
gutbasket-fiber-blend-prebiotic-rich-superfood-mix,#6BB048,#4E8534,#DEEDD2
inulin-powder,#6BB048,#4E8534,#DEEDD2
nutritional-yeast-flakes,#6BB048,#4E8534,#DEEDD2
organic-moringa-powder-superfood-for-energy-and-immunity,#6BB048,#4E8534,#DEEDD2
ferment-boost-prebiotic-blend-to-enhance-kanji-and-other-ferments,#6BB048,#4E8534,#DEEDD2
ferment-boost-sachet-pack-of-5-prebiotic-blend-to-enhance-kanji-and-other-ferments,#6BB048,#4E8534,#DEEDD2
fiber-boost-sachet-pack-of-5,#6BB048,#4E8534,#DEEDD2
sprout-seeds-mix-clover-radish-fenugreek-pack-of-3,#3F7754,#2F5C40,#D8E4DC
sprouts-mix-clover-alfalfa-and-radish-seeds-for-sprouting,#3F7754,#2F5C40,#D8E4DC
sprouts-seeds-clover-alfalfa-and-radish-seeds-for-sprouting,#3F7754,#2F5C40,#D8E4DC
a-coconut-kefir-grains,#C2A77D,#9C8158,#EFE3D2
a-milk-kefir-grains-premium,#C2A77D,#9C8158,#EFE3D2
a-milk-kefir-grains-standard,#C2A77D,#9C8158,#EFE3D2
water-kefir-grains,#C2A77D,#9C8158,#EFE3D2
a-vegetable-fermentation-recipe-book,#8E4F3C,#683426,#E5D2C9
kanji-recipe-book,#8E4F3C,#683426,#E5D2C9
kimchi-making-recipe-book,#8E4F3C,#683426,#E5D2C9
kombucha-making-guide-and-recipe-book-1,#8E4F3C,#683426,#E5D2C9
probiotic-achaar-recipe-book-10-lacto-fermented-recipes,#8E4F3C,#683426,#E5D2C9
instant-dry-yeast-for-baking-120g,#C7864A,#9A6535,#F2DDC4
kanji-mastery-course,#FF7300,#E66800,#FFE4CC
wine-jar-sanitiser,#9D2E2E,#741F1F,#E8C9C9
